<?xml version="1.0" encoding="UTF-8"?>

<mule xmlns:http="http://www.mulesoft.org/schema/mule/http" xmlns="http://www.mulesoft.org/schema/mule/core" xmlns:doc="http://www.mulesoft.org/schema/mule/documentation"
	xmlns:spring="http://www.springframework.org/schema/beans" 
	xmlns:xsi="http://www.w3.org/2001/XMLSchema-instance"
	xsi:schemaLocation="http://www.springframework.org/schema/beans http://www.springframework.org/schema/beans/spring-beans-current.xsd
http://www.mulesoft.org/schema/mule/core http://www.mulesoft.org/schema/mule/core/current/mule.xsd
http://www.mulesoft.org/schema/mule/http http://www.mulesoft.org/schema/mule/http/current/mule-http.xsd">
    <http:listener-config name="HTTP_Listener_Configuration" host="0.0.0.0" port="8081" doc:name="HTTP Listener Configuration"/>
    <flow name="splitterdemoFlow">
        <http:listener config-ref="HTTP_Listener_Configuration" path="/splitter" allowedMethods="POST" doc:name="HTTP"/>
        <splitter expression="#[xpath3('//actor/@id')]" doc:name="Splitter">
            <expression-message-info-mapping messageIdExpression="#[java.util.UUID.randomUUID().toString()]" correlationIdExpression="#[xpath3('//actor/@id')]"/>
        </splitter>
        <logger message="#[message.payload]" level="INFO" doc:name="Display Splitted Logger"/>
    </flow>
</mule>
