<?xml version="1.0" encoding="UTF-8"?>

<mule xmlns:http="http://www.mulesoft.org/schema/mule/http" xmlns="http://www.mulesoft.org/schema/mule/core" xmlns:doc="http://www.mulesoft.org/schema/mule/documentation"
	xmlns:spring="http://www.springframework.org/schema/beans" 
	xmlns:xsi="http://www.w3.org/2001/XMLSchema-instance"
	xsi:schemaLocation="http://www.springframework.org/schema/beans http://www.springframework.org/schema/beans/spring-beans-current.xsd
http://www.mulesoft.org/schema/mule/core http://www.mulesoft.org/schema/mule/core/current/mule.xsd
http://www.mulesoft.org/schema/mule/http http://www.mulesoft.org/schema/mule/http/current/mule-http.xsd">
    <http:listener-config name="HTTP_Listener_Configuration" host="0.0.0.0" port="8081" doc:name="HTTP Listener Configuration"/>
    <flow name="restapplicationFlow">
        <http:listener config-ref="HTTP_Listener_Configuration" path="/unique" allowedMethods="get,post" doc:name="HTTP"/>
        <idempotent-message-filter idExpression="#[xpath3('messagebody/header/msgid')]" doc:name="Idempotent Message">
            <simple-text-file-store name="RestObjectStore" maxEntries="10" directory="D:/source/objectstore"/>
        </idempotent-message-filter>
        <logger message="Passed " level="INFO" doc:name="Logger"/>
        <set-payload value="Passed :The PayLoad is received " mimeType="application/xml" doc:name="Set Payload"/>
    </flow>
</mule>
