<?xml version="1.0" encoding="UTF-8"?>

<mule xmlns:vm="http://www.mulesoft.org/schema/mule/vm" xmlns:http="http://www.mulesoft.org/schema/mule/http" xmlns:tracking="http://www.mulesoft.org/schema/mule/ee/tracking" xmlns="http://www.mulesoft.org/schema/mule/core" xmlns:doc="http://www.mulesoft.org/schema/mule/documentation"
	xmlns:spring="http://www.springframework.org/schema/beans" 
	xmlns:xsi="http://www.w3.org/2001/XMLSchema-instance"
	xsi:schemaLocation="http://www.springframework.org/schema/beans http://www.springframework.org/schema/beans/spring-beans-current.xsd
http://www.mulesoft.org/schema/mule/core http://www.mulesoft.org/schema/mule/core/current/mule.xsd
http://www.mulesoft.org/schema/mule/http http://www.mulesoft.org/schema/mule/http/current/mule-http.xsd
http://www.mulesoft.org/schema/mule/ee/tracking http://www.mulesoft.org/schema/mule/ee/tracking/current/mule-tracking-ee.xsd
http://www.mulesoft.org/schema/mule/vm http://www.mulesoft.org/schema/mule/vm/current/mule-vm.xsd">
    <http:request-config name="HTTP_Request_Configuration" host="localhost" port="8084" doc:name="HTTP Request Configuration"/>
    <http:listener-config name="HTTP_Listener_Configuration" host="0.0.0.0" port="8084" doc:name="HTTP Listener Configuration"/>
    <flow name="variabledemoFlow1">
        <http:listener config-ref="HTTP_Listener_Configuration" path="/test" doc:name="HTTP"/>
        <set-variable variableName="flowVar" value="******************This is flow variables value------------------------------------" doc:name="Flow Variable"/>
        <set-session-variable variableName="SessionVar" value="**********************************This is session variable value****************************" doc:name="Session Variable"/>
        <set-payload value="Message Received " doc:name="Set Payload"/>
        <logger message="#[flowVar]" level="INFO" doc:name="Flow Variable Logger"/>
        <logger message="#[SessionVar]" level="INFO" doc:name="Session variable logger"/>
        <vm:outbound-endpoint exchange-pattern="one-way" path="demoQueue" doc:name="messageQueue"/>
    </flow>
    <flow name="displayflow">
        <vm:inbound-endpoint exchange-pattern="one-way" path="demoQueue" doc:name="VM"/>
        <logger message="#[flowVars.flowVar]" level="INFO" doc:name="Display Flow Logger"/>
        <logger message="#[sessionVars.SessionVar]" level="INFO" doc:name="Display Session Logger"/>
    </flow>
</mule>
