<?xml version="1.0" encoding="UTF-8"?>

<mule xmlns:file="http://www.mulesoft.org/schema/mule/file" xmlns:db="http://www.mulesoft.org/schema/mule/db" xmlns="http://www.mulesoft.org/schema/mule/core" xmlns:doc="http://www.mulesoft.org/schema/mule/documentation"
	xmlns:spring="http://www.springframework.org/schema/beans" 
	xmlns:xsi="http://www.w3.org/2001/XMLSchema-instance"
	xsi:schemaLocation="http://www.springframework.org/schema/beans http://www.springframework.org/schema/beans/spring-beans-current.xsd
http://www.mulesoft.org/schema/mule/core http://www.mulesoft.org/schema/mule/core/current/mule.xsd
http://www.mulesoft.org/schema/mule/db http://www.mulesoft.org/schema/mule/db/current/mule-db.xsd
http://www.mulesoft.org/schema/mule/file http://www.mulesoft.org/schema/mule/file/current/mule-file.xsd">
    <db:mysql-config name="MySQL_CONFIG" host="localhost" port="3306" user="root" password="root" database="demodb" doc:name="MySQL Configuration"/>
    <flow name="csv-to-dbFlow">
        <file:inbound-endpoint path="D:\source\test" responseTimeout="10000" doc:name="File"/>
        <object-to-string-transformer doc:name="Object to String"/>
        <splitter expression="#[org.mule.util.StringUtils.split(message.payload,'\n\r')]" doc:name="Splitter"/>
        <expression-transformer doc:name="Expression" expression="#[org.mule.util.StringUtils.split(message.payload,',')]"/>
        <db:insert config-ref="MySQL_CONFIG" doc:name="demodb">
            <db:parameterized-query><![CDATA[insert into userdetails values (#[message.payload[0]],#[message.payload[1]],#[message.payload[2]])]]></db:parameterized-query>
        </db:insert>
    </flow>
</mule>
